<?xml version="1.0" encoding="UTF-8"?>
<!DOCTYPE mapper
    PUBLIC "-//mybatis.org//DTD Mapper 3.0//EN"
    "https://mybatis.org/dtd/mybatis-3-mapper.dtd">
    
      
 <mapper namespace="com.example.shop.login.dao.TestDAO">
  	<insert id="insertMember" parameterType="User">
		
		INSERT INTO test_mem(t_id, t_username, t_password, t_email, t_role, t_address, t_phone, t_createDate)
		VALUES(t_id_seq.nextval, #{t_username}, #{t_password}, #{t_email}, #{t_role}, #{t_address}, #{t_phone}, sysdate)
	
	</insert>
	
	<select id="SelectByMember" parameterType="String" resultType="User">
		
		SELECT * FROM test_mem WHERE t_username = #{t_username}
		
	</select>
	
	<select id="SelectByMemberEmail" parameterType="ForgotPasswordDTO" resultType="User">
		
		SELECT * FROM test_mem WHERE t_email = #{t_email} and t_username = #{t_username}
		
	</select>
	
	<select id="idCheck" parameterType="String" resultType="int">
						
		SELECT count(*) FROM test_mem WHERE t_username = #{t_username}
		
	</select>

	<!--회원정보 비밀번호 바꾸기 -->
	<update id="updatePassword" parameterType="User">
		UPDATE test_mem
		SET t_password=#{t_password}
		WHERE t_email=#{t_email} and t_username = #{t_username}
	</update>
	
	<select id="userInfo_Select" parameterType="String" resultType="User">
		
		SELECT * FROM test_mem WHERE t_username =#{t_username}
		
	</select>
	
	<update id="userInfo_update" parameterType="User">
		
		UPDATE test_mem
		SET t_email= #{t_email}, t_address = #{t_address}
		, t_phone = #{t_phone}, t_password = #{t_password}
		, t_modidate = sysdate 
		WHERE t_username = #{t_username}
		
	</update>
	
</mapper>


