<?xml version="1.0" encoding="UTF-8"?>
<!DOCTYPE mapper
    PUBLIC "-//mybatis.org//DTD Mapper 3.0//EN"
    "https://mybatis.org/dtd/mybatis-3-mapper.dtd">
    
<mapper namespace="com.example.shop.testDate.dao.TestDataDAO">
		
	<!-- totalpage -->
	<select id="count" parameterType="String" resultType="int">
			
			SELECT count(*) FROM main_image WHERE 1=1
   	 	<if test="filename != null and filename != ''">
      
       AND filename LIKE '%' || #{filename} || '%'  
     
    	</if> 
		
	</select>
	
	
	
	<!-- main images 뿌리기(페이징처리) -->
	<select id="main_list" parameterType="Page_TestDTO" resultType="main_imagesDTO">
		
		
		SELECT d.* FROM
		(SELECT rownum AS am, c.* FROM
		(SELECT b.main_code, b.filepath, b.filename, b.main_address, b.title, b.cost, b.time_about,
		       round(AVG(NVL(d.rating_value,0)), 2) as avg_rating, count(d.rating_value) as count_rating,b.wish_count
		FROM
		(SELECT a.*
		FROM(SELECT a.main_code, a.filepath, a.filename, 
		b.main_address, COALESCE(g.wish_count, 0) AS wish_count,
		c.title, c.cost, c.time_about
		FROM main_image a
		JOIN main_host b ON a.main_code = b.main_code
          LEFT JOIN (
                SELECT main_code, COUNT(wish_code) AS wish_count
                FROM wishList
                GROUP BY main_code
            ) g ON a.main_code = g.main_code
		JOIN (
		SELECT * FROM
		(SELECT a.*, ROW_NUMBER() OVER (PARTITION BY a.main_code ORDER BY a.main_code) as RN
		FROM MAIN_SUB_PLACE a) t
		WHERE t.RN=1) c ON a.main_code = c.main_code)a)b
		LEFT JOIN (SELECT * FROM review WHERE re_step=0) d ON b.main_code = d.main_code
		GROUP BY b.main_code, b.filepath, b.filename, b.main_address, b.title, b.cost, b.time_about,b.wish_count
		ORDER BY b.main_code)c 
		 WHERE 1=1
   	 	<if test="filename != null and filename != ''">
      
       AND c.filename LIKE '%' || #{filename} || '%'  
     
    	</if> 
		
		ORDER BY rownum)d
		WHERE d.am BETWEEN #{startRow} AND #{endRow}
				
	
		
	</select>
	
	<!-- 들여쓰기 레벨 -->
	<update id="reStepCount" parameterType="ReviewDTO">
		UPDATE review
		SET re_step =
		re_step + 1
		WHERE ref=#{ref} AND re_step > #{re_step}
	</update>
	
	
	
	<!-- main_sub_banner -->
	<resultMap id="main_sub_bannerMap" type="com.example.shop.testDate.dto.main_sub_bannerDTO" autoMapping="true">
		
		
		<id property="main_code" column="main_code"/>
		
		<result property="main_name" column="main_name"/>
		<result property="main_address" column="main_address"/>
		<result property="main_logo" column="main_logo"/>
		<result property="info_detail" column="info_detail"/>
		<result property="main_comment" column="main_comment"/>
		<result property="avg_rating" column="avg_rating"/>
		<result property="count_rating" column="count_rating"/>
		<result property="manager_coment" column="manager_coment"/>
		
				
		
		<association property="mainConDTO" javaType="com.example.shop.testDate.dto.Main_ConDTO">
			
			<result property="parking" column="parking"/>
			<result property="comfort" column="comfort"/>
			<result property="aircon" column="aircon"/>
			<result property="etc" column="etc"/>
			<result property="toilet" column="toilet"/>
			<result property="sound" column="sound"/>	
		</association>
		
		
		<association property="placeInfoDTO" javaType="com.example.shop.testDate.dto.Place_InfoDTO">
		
			<result property="area" column="area"/>
			<result property="width" column="width"/>
			<result property="height" column="height"/>
			<result property="length" column="length"/>
			<result property="max" column="max"/>
		</association>
		
		<association property="warningDTO" javaType="com.example.shop.testDate.dto.WarningDTO">
			
			<result property="warn_info" column="warn_info"/>
			<result property="warn_info_detail" column="warn_info_detail"/>
		</association>
		

		<collection property="refundRuleDTO" ofType="com.example.shop.testDate.dto.Refund_ruleDTO">
			
			<result property="refund_info" column="refund_info"/>
			<result property="refund_info_detail" column="refund_info_detail"/>
			
		</collection>

	
		<collection property="placeDTO" ofType="com.example.shop.testDate.dto.Main_Sub_PlaceDTO">
			
			<result property="title" column="title"/>
			<result property="cost" column="cost"/>
			<result property="time_about" column="time_about"/>
			
		</collection>
		
	
		
		<collection property="imagesDTO" ofType="com.example.shop.testDate.dto.main_imagesDTO">
			
			<result property="filename" column="filename"/>
			<result property="filepath" column="filepath"/>
			
		</collection>
	
	</resultMap>

	
	<select id="main_list_detail" parameterType="int" resultMap="main_sub_bannerMap">
		<![CDATA[
		
		SELECT a.*,NVL(f.avg_rating, 0) as avg_rating , NVL(f.count_rating, 0) as count_rating, g.refund_info, g.refund_info_detail, h.title, h.cost
        , h.time_about, i.filename, i.filepath,f.five_star_percentage, h.manager_coment FROM
            (SELECT  a.main_code, a.main_name, a.main_address, a.main_logo, a.main_comment,
			b.info_detail, 
			c.parking, c.comfort, c.aircon, c.etc, c.toilet, c.sound, 
			d.area, d.width, d.height, d.length, d.max,
			e.warn_info, e.warn_info_detail,COALESCE(g.wish_count, 0) AS wish_count
			FROM main_host a
             LEFT JOIN (
                SELECT main_code, COUNT(wish_code) AS wish_count
                FROM wishList
                GROUP BY main_code
            ) g ON a.main_code = g.main_code
			JOIN main_info b ON a.main_code = b.main_code
			JOIN main_con c ON a.main_code = c.main_code
			JOIN place_info d ON a.main_code = d.main_code
			JOIN WARNING e ON a.main_code = e.main_code)a
            LEFT JOIN (SELECT round(AVG(NVL(rating_value,0)),2) as avg_rating
            , a.main_code, NVL(COUNT(rating_value), 0)
            as count_rating,ROUND((COUNT(CASE WHEN rating_value = 5 THEN 1 END) / COUNT(*)) * 100, 2) AS five_star_percentage 
            FROM review a 
            WHERE a.re_step = 0 and  a.main_code = #{main_code}
            GROUP BY a.main_code) f ON a.main_code = f.main_code
            LEFT JOIN (SELECT COUNT(CASE WHEN re_step = 1 THEN 1 END) AS manager_coment, main_code FROM review GROUP BY main_code) h ON a.main_code = h.main_code 
            JOIN refund_rule g ON a.main_code = g.main_code
            JOIN main_sub_place h ON a.main_code = h.main_code
            JOIN main_sub_banner i ON a.main_code = i.main_code
            WHERE a.main_code=#{main_code}
            
		]]>
		
		<!--SELECT a.*,NVL(f.avg_rating, 0) as avg_rating , NVL(f.count_rating, 0) as count_rating, g.refund_info, g.refund_info_detail, h.title, h.cost, h.time_about, i.filename, i.filepath FROM
            (SELECT  a.main_code, a.main_name, a.main_address, a.main_logo, a.main_comment, 
			b.info_detail, 
			c.parking, c.comfort, c.aircon, c.etc, c.toilet, c.sound, 
			d.area, d.width, d.height, d.length, d.max,
			e.warn_info, e.warn_info_detail,COALESCE(g.wish_count, 0) AS wish_count
			FROM main_host a
             LEFT JOIN (
                SELECT main_code, COUNT(wish_code) AS wish_count
                FROM wishList
                GROUP BY main_code
            ) g ON a.main_code = g.main_code
			JOIN main_info b ON a.main_code = b.main_code
			JOIN main_con c ON a.main_code = c.main_code
			JOIN place_info d ON a.main_code = d.main_code
			JOIN WARNING e ON a.main_code = e.main_code)a
            LEFT JOIN (SELECT round(AVG(NVL(rating_value,0)),2) as avg_rating
            , a.main_code, NVL(COUNT(rating_value), 0)
            as count_rating 
            FROM review a 
            WHERE a.re_step = 0 and  a.main_code = #{main_code}
            GROUP BY a.main_code) f ON a.main_code = f.main_code
            JOIN refund_rule g ON a.main_code = g.main_code
            JOIN main_sub_place h ON a.main_code = h.main_code
            JOIN main_sub_banner i ON a.main_code = i.main_code
            WHERE a.main_code=#{main_code}
            
            ]]>-->
		
		
		
		
	</select>
	
	
<!--     @@@@@@@@@@@@@@@@@@@@@@@@@@@@@@@@@@@@@@@@@@@@@@@@@@@@@@@@@@@@@@@@@@@@@@@@@@@@@@@@@@@@@@@@@@@@@@@@@@@@@@@@@@@      -->


	<select id="reviewCount" parameterType="int" resultType="int">

		SELECT count(*) FROM review
		WHERE main_code = #{main_code}

	</select>



	<resultMap id="ReviewSelectMap" type="com.example.shop.testDate.dto.ReviewDTO" autoMapping="true">
		
		 <id property="review_code" column="review_code"/>
		
		<association property="user" javaType="User">
			<result column="t_id" property="t_id" />
			<result column="t_username" property="t_username" />
		</association>
		
		<collection property="imagesDTO" ofType="com.example.shop.testDate.dto.main_imagesDTO">
			
			<result property="filename" column="filename"/>
			<result property="filepath" column="filepath"/>
			<result property="type" column="type"/>
			
			
		</collection>
	
	
	</resultMap>
	
	
	<!-- 체육관 리뷰 댓글 답변글 -->
	<select id="ReviewSelect" parameterType="Page_TestDTO" resultMap="ReviewSelectMap">
		
		<![CDATA[
			
			SELECT d.* 
			FROM 
			(SELECT rownum AS rm, c.* 
			FROM (
			SELECT a.main_code, a.review_code,a.regdate, a.moddate, a.content,a.ref, a.re_step,a.re_level, a.rating_value, 
			b.t_id, b.t_username,
			f.filename, f.filepath
			FROM review a
			JOIN booking g ON a.booking_code = g.booking_code
			JOIN main_host e ON a.main_code = e.main_code
			JOIN test_mem b ON a.t_id = b.t_id
			JOIN review_image f ON a.review_code = f.review_code
			ORDER BY a.ref DESC, a.re_step ASC)c)d
			 WHERE d.rm >=#{startRow} AND d.rm <=#{endRow}
			and d.main_code = #{main_code}
			
		]]>
		
	</select>
	
	<!-- ref == 0 제목글 ref ==1 답변글 -->
	<insert id="reviewInsert" parameterType="ReviewDTO">
		<selectKey keyProperty="review_code" resultType="java.lang.Integer" order="AFTER">
			SELECT review_code_seq.currval FROM DUAL
		</selectKey>
		INSERT INTO review(review_code,main_code,t_id,booking_code,content,rating_value,regdate, moddate, ref, re_step, re_level)
		VALUES(review_code_seq.nextval, #{main_code}, #{t_id}, #{booking_code}, #{content},
		#{rating_value}, sysdate, sysdate,
		<choose>
			<when test="ref==0">
				review_code_seq.nextval,
			</when>
			<otherwise>
				#{ref},
			</otherwise>
		</choose>
		#{re_step}, #{re_level}
		)
	</insert>
	
	
	<insert id="insertReviewImage" parameterType="main_imagesDTO">
		INSERT INTO review_image(review_code, filename, filepath, type)
		VALUES (#{review_code}, #{filename, jdbcType=VARCHAR}, #{filepath, jdbcType=VARCHAR}, #{type, jdbcType=VARCHAR})
	
	
	</insert>
	
	<update id="updateReviewImage" parameterType="main_imagesDTO">
		
		UPDATE review_image
		SET filename = #{filename, jdbcType=VARCHAR}, filepath = #{filepath, jdbcType=VARCHAR}, type = #{type, jdbcType=VARCHAR}
		WHERE review_code = #{review_code}
		
	</update>
	
	
	<select id="reviewOneSelect" parameterType="int" resultType="main_imagesDTO">
		SELECT filepath FROM review_image WHERE review_code = #{review_code}
	</select>
	
	<update id="reviewUpdate" parameterType="ReviewDTO">
		
		UPDATE review
		SET content = #{content, jdbcType=VARCHAR}, rating_value = #{rating_value}, moddate = sysdate
		WHERE review_code = #{review_code}
	</update>
	
	<delete id="deleteReview" parameterType="int">
		
		DELETE FROM review
		WHERE ref = #{ref}
		
	</delete>
	
	
	<delete id="deleteReviewImage" parameterType="int">
		
		DELETE FROM review_image
		WHERE review_code = #{review_code}
		
	</delete>
	
	

	
	<select id="reviewImagesSelectOne" parameterType="int" resultType="main_imagesDTO">
		
		
		SELECT filepath FROM review_image WHERE review_code = #{review_code}
		
		
	</select>
	
		
	
	<!--<insert id="insertReview" parameterType="ReviewDTO">
		<selectKey keyProperty="review_code" resultType="java.lang.Integer" order="AFTER">
			SELECT review_code_seq.currval FROM DUAL
		</selectKey>
		
		INSERT INTO review(review_code, booking_code, content, rating_value, regdate, moddate)
		VALUES (review_code_seq.nextval, #{booking_code}, #{content, javaType=VARCHAR}, #{rating_value}, sysdate, sysdate)
		
		
	</insert>-->
	
	
	<update id="reviewImagesUpdataDelete" parameterType="main_imagesDTO">
		
		UPDATE review_image
		set filepath = null
		WHERE review_code = #{review_code} 
		and filepath= #{filepath}
		
	</update>
	
	
	<select id="MapSelectList" parameterType="Page_MapDTO" resultType="main_imagesDTO">
		<![CDATA[
		
		SELECT d.* FROM 
  (SELECT
  rownum AS rm,
  c.*
FROM (
  SELECT
    b.main_code,
    b.filepath,
    b.filename,
    b.main_address,
    b.title,
    b.cost,
    b.time_about,
    b.latitude,
    b.longitude,
    ROUND(AVG(NVL(d.rating_value,0)), 2) AS avg_rating,
    COUNT(d.rating_value) AS count_rating,
   
    ROUND(6371 * ACOS(
      COS(RADIANS(${latitude})) * COS(RADIANS(b.latitude)) * COS(RADIANS(b.longitude - ${longitude})) + SIN(RADIANS(${latitude})) * SIN(RADIANS(b.latitude)))
    , 2) AS distance
  FROM
    (SELECT a.*
     FROM (
       SELECT
         a.main_code,
         a.filepath,
         a.filename,
         b.main_address,
         TO_number(b.latitude) AS latitude,
         TO_number(b.longitude) AS longitude,
         c.title,
         c.cost,
         c.time_about
       FROM main_image a
       JOIN main_host b ON a.main_code = b.main_code
       JOIN (
         SELECT *
         FROM (
           SELECT
             a.*,
             ROW_NUMBER() OVER (PARTITION BY a.main_code ORDER BY a.main_code) AS RN
           FROM MAIN_SUB_PLACE a
         ) t
         WHERE t.RN=1
       ) c ON a.main_code = c.main_code
     ) a
    ) b
  LEFT JOIN review d ON b.main_code = d.main_code
  GROUP BY
    b.main_code,
    b.filepath,
    b.filename,
    b.main_address,
    b.title,
    b.cost,
    b.time_about,
    b.latitude,
    b.longitude
  ORDER BY
    distance,
    b.main_code
) c
ORDER BY
  rownum)d
  WHERE d.rm >=#{startRow} and d.rm<=#{endRow}
		]]>
		
	</select>
	
	
	
		
		
		<!-- main filter뿌리기(페이징처리) -->
	<select id="main_list_filter" parameterType="Page_TestDTO" resultType="main_imagesDTO">
		
		
		  SELECT f.* FROM
         (SELECT rownum AS am, d.* FROM
        (SELECT   e.main_code, e.filepath, e.filename, e.main_address, e.title, e.cost
        , e.time_about, e.avg_rating, e.count_rating, e.wish_count, e.fileter|| ',' || a.full_con AS full_filter FROM
		(SELECT c.main_code, c.filepath, c.filename, c.main_address, c.title, c.cost, c.time_about, c.wish_count
		, c.avg_rating, c.count_rating,c.fileter FROM
		(SELECT b.main_code, b.filepath, b.filename, b.main_address, b.title, b.cost, b.time_about,b.main_category,COALESCE(g.wish_count, 0) AS wish_count,
        b.main_address || ',' || b.main_category AS fileter,
		       round(AVG(NVL(d.rating_value,0)), 2) as avg_rating, count(d.rating_value) as count_rating
		FROM
		(SELECT a.*
		FROM(SELECT a.main_code, a.filepath, a.filename, 
		b.main_address, b.main_category,
		c.title, c.cost, c.time_about
		FROM main_image a
		JOIN main_host b ON a.main_code = b.main_code
		JOIN (
		SELECT * FROM
		(SELECT a.*, ROW_NUMBER() OVER (PARTITION BY a.main_code ORDER BY a.main_code) as RN
		FROM MAIN_SUB_PLACE a) t
		WHERE t.RN=1) c ON a.main_code = c.main_code)a)b
		LEFT JOIN (SELECT * FROM review WHERE re_step=0) d ON b.main_code = d.main_code
       
        LEFT JOIN (
                SELECT main_code, COUNT(wish_code) AS wish_count
                FROM wishList
                GROUP BY main_code
            ) g ON b.main_code = g.main_code
            
		GROUP BY b.main_code, b.filepath, b.filename, b.main_address, b.title, b.cost, b.time_about,b.main_category,g.wish_count
		ORDER BY b.main_code)c
		
         WHERE 1=1
   	 	<if test="filename != null and filename != ''">
      
       	AND c.filename LIKE '%' || #{filename} || '%'  
     
    	</if>
        
        )e 
        JOIN (SELECT main_code,parking || ',' || comfort
        || ',' || aircon
        || ',' || etc
        || ',' || toilet
        || ',' || sound
        AS full_con
        FROM main_con )a on e.main_code = a.main_code
        
		)d 
		
		WHERE 1=1
		    <if test="fileData != null and fileData.size() > 0">
		      <foreach item="fileData" collection="fileData">
		        AND d.full_filter LIKE '%'|| #{fileData} || '%'
		      </foreach>
		    </if>
		
   
       
        ORDER BY rownum)f
        
        WHERE  f.am BETWEEN #{startRow} AND #{endRow}
				
	
		
	</select>
	
	<select id="main_list_filter_count" parameterType="Page_TestDTO" resultType="int">
		
	<!--<foreach collection="demoList" item="item" index="index" open="(" close=")" separator=",">
        #{item}
    </foreach>-->
		
		SELECT count(*) FROM
        (SELECT c.* FROM
        (SELECT b.* FROM 
        (SELECT a.main_code, a.full_con || ','|| b.main_address || ',' || main_category AS full_filter FROM
        (SELECT main_code,parking || ',' || comfort
        || ',' || aircon
        || ',' || etc
        || ',' || toilet
        || ',' || sound
        AS full_con
        FROM main_con)a
        JOIN main_host b ON a.main_code = b.main_code)b
         WHERE 1=1
		    <if test="fileData != null and fileData.size() > 0">
		      <foreach item="data" collection="fileData">
		        AND b.full_filter LIKE '%'|| #{data} ||'%'
		      </foreach>
		    </if>)c)
		    
	
		    
	<!--	 <if test="bedType != null">
           AND (
          <foreach item="item" index="index" collection="bedType" separator=" and ">
               r.full_filter LIKE '%${item}%'
          </foreach>
           )
      </if>-->
		
       
		
	</select>
		
	
	
	
</mapper>













